,Name
0,java-1.problem3
1,java-1.problem4
2,java-3.problem4
3,java-4.problem5
4,java-1.problem6
5,javascript-3.problem1
6,javascript-4.problem1
7,javascript-7.problem5
8,python3-6.problem1
9,python3-1.problem2
10,python3-2.problem2
11,python3-2.problem4
12,cs-2.problem2
13,cs-4.problem2
14,cs-2.problem3
15,cs-1.problem4
16,cs-4.problem5
17,yarv-1.problem0
18,yarv-1.problem1
19,yarv-2.problem2
20,yarv-1.problem3
21,yarv-3.problem3
22,yarv-4.problem6
23,c-flags-1.problem0
24,c-flags-1.problem1
25,c-noflags-3.problem1
26,c-flags-5.problem2
27,c-noflags-1.problem2
28,c-noflags-5.problem2
29,c-flags-3.problem4
30,c-flags-4.problem4
31,c-flags-5.problem4
32,c-noflags-1.problem4
33,c-noflags-2.problem4
34,c-noflags-4.problem4
35,c-flags-1.problem5
36,c-flags-4.problem5
37,c-flags-5.problem5
38,c-flags-6.problem5
39,c-noflags-2.problem5
40,c-noflags-3.problem5
41,c-noflags-5.problem5
42,c-noflags-6.problem5
43,c-flags-1.problem6
44,c++-noflags-1.problem0
45,c++-flags-6.problem1
46,c++-noflags-6.problem1
47,c++-noflags-1.problem2
48,c++-noflags-2.problem2
49,c++-noflags-3.problem2
50,c++-flags-3.problem3
51,c++-noflags-3.problem3
52,c++-flags-1.problem4
53,c++-flags-3.problem4
54,c++-flags-5.problem4
55,c++-noflags-1.problem4
56,c++-noflags-3.problem4
57,c++-noflags-7.problem4
58,c++-flags-1.problem5
59,c++-flags-2.problem5
60,c++-flags-3.problem5
61,c++-noflags-3.problem5
62,c++-noflags-4.problem5
